<LogGroups>
  <!-- Group type: -->
  <!--   0. Unknown -->
  <!--   1. ConfigMgr client logs -->
  <!--   2. ConfigMgr site logs -->
  <LogGroup Name="Application Management" GroupType="1" GroupFilePath="">
    <LogFile>AppDiscovery.log</LogFile>
    <LogFile>AppEnforce.log</LogFile>
    <LogFile>AppIntentEval.log</LogFile>
    <LogFile>CIAgent.log</LogFile>
    <LogFile>CIDownloader.log</LogFile>
    <LogFile>CIStateStore.log</LogFile>
    <LogFile>CIStore.log</LogFile>
    <LogFile>CITaskMgr.log</LogFile>
    <LogFile>ccmsdkprovider.log</LogFile>
    <LogFile>ContentTransferManager.log</LogFile>
    <LogFile>DataTransferService.log</LogFile>
    <LogFile>DCMAgent.log</LogFile>
    <LogFile>DCMReporting.log</LogFile>
    <LogFile>DcmWmiProvider.log</LogFile>
    <LogFile>execmgr.log</LogFile>
    <LogFile>UserAffinity.log</LogFile>
    <LogFile>UserAffinityProvider.log</LogFile>
    <LogFile>AlternateHandler.log</LogFile>
    <LogFile>CoManagementHandler.log</LogFile>
    <LogFile>M365AHandler.log</LogFile>
    <LogFile>UpdatesHandler.log</LogFile>
    <LogFile>WUAHandler.log</LogFile>
  </LogGroup>
  <LogGroup Name="Desired Configuration Management" GroupType="1" GroupFilePath="">
    <LogFile>CIAgent.log</LogFile>
    <LogFile>CIDownloader.log</LogFile>
    <LogFile>CIStateStore.log</LogFile>
    <LogFile>CIStore.log</LogFile>
    <LogFile>CITaskMgr.log</LogFile>
    <LogFile>ccmsdkprovider.log</LogFile>
    <LogFile>DCMAgent.log</LogFile>
    <LogFile>DCMReporting.log</LogFile>
    <LogFile>DcmWmiProvider.log</LogFile>
  </LogGroup>
  <LogGroup Name="Software Updates" GroupType="1" GroupFilePath="C:\WINDOWS\CCM\Logs">
    <LogFile>CIAgent.log</LogFile>
    <LogFile>CIDownloader.log</LogFile>
    <LogFile>CIStateStore.log</LogFile>
    <LogFile>CIStore.log</LogFile>
    <LogFile>CITaskMgr.log</LogFile>
    <LogFile>ccmsdkprovider.log</LogFile>
    <LogFile>ContentTransferManager.log</LogFile>
    <LogFile>DataTransferService.log</LogFile>
    <LogFile>DCMAgent.log</LogFile>
    <LogFile>DCMReporting.log</LogFile>
    <LogFile>DcmWmiProvider.log</LogFile>
    <LogFile>UpdatesDeployment.log</LogFile>
    <LogFile>UpdatesHandler.log</LogFile>
    <LogFile>UpdatesStore.log</LogFile>
    <LogFile>UpdateTrustedSites.log</LogFile>
    <LogFile>WUAHandler.log</LogFile>
    <LogFile>ScanAgent.log</LogFile>
    <LogFile>DataTransferService.log</LogFile>
  </LogGroup>
</LogGroups>